firstname,occurrence
Smith,1
Laurent,78
Alain,105
Gertrude,1
Marcelline,1
Marie,66
Lionel,38
Marcel,11
Patrice,29
Snowy,1
Louis,72
Maryse,2
Marc,104
Lili,1
Juliette,81
James,16
Bartholdi,1
Sonia,4
Jennifer,3
Ashley,1
Emilie,12
Marianne,7
Hugo,11
Laura,23
Sagrada,1
Alice,22
Frank,3
Jason,2
Julie,32
Claude,98
Victor,43
Cher,1
Jessica,11
Thomas,94
Yann,8
Camille,80
Christ,3
Lucas,19
Gustave,5
Victoire,6
David,47
Franck,32
Paola,1
Martin,27
Olivier,57
Pablo,15
Verbes,6
Carl,6
Ludo,6
Kevin,12
Michael,34
Charles,29
Ursus,6
Dialogues,8
Auguri,4
Fondation,4
Enki,114
Nathan,3
Pascal,57
Peter,11
Finally,1
Paul,324
However,5
Docteur,3
Doctor,2
Angela,1
Stefano,2
Georgia,1
Since,2
Pierrot,9
Pierre,279
Luc,119
Besson,1
Cinema,1
Stanley,8
Kubrick,3
Owen,11
Madeleine,5
Jean,105
Jean-Pierre,225
And,1
Yoshi,7
French,3
Saint,8
Between,1
Motocultor,3
Bryan,5
Everyone,1
Ulli,13
Bobby,18
Jeanne,31
Mathilde,18
Sandrine,50
Jeremy,4
Robin,39
Sophie,27
Arnaud,36
Charline,4
Anthony,8
Ana,4
Simon,77
Arthur,29
Cuisiner,4
Christian,56
Adrien,43
Daniel,51
Devons,4
Didier,15
Otherwise,1
The,1
Sir,1
They,1
Waiter,1
Marou,2
Ratus,6
Belo,1
Salaire,1
Pacques,1
Dear,1
Thibaud,28
Philippe,443
Messieurs,9
Jean-Jacques,4
Lettres,3
Rousseau,4
Malesherbes,1
Travailler,2
Conclusion,1
Margot,2
Asimov,1
Gilles,69
Marion,39
Isabelle,59
Raulin,1
Claire,83
Balzac,15
Gobseck,1
Horace,12
Bianchon,5
Leprince-Ringuet,1
Charlie,2
Augé-Rabier,1
Boissy,1
Bonnard,1
Brocheny,1
Capolongo,2
Chabert,2
Chessel,1
Guellard,1
Soussi,1
Anne-Sophie,1
Pelletier,1
Pitre-Madinier,1
Ariane,13
Derville,2
Sana,1
Octave,1
Bruno,36
Antoinette,1
Antoine,61
Rastignac,1
Montriveau,1
Cuvier,1
Pauline,22
Mme,7
Raphal,1
Felix,2
Emmanuel,255
Katia,1
Aristophane,1
Nicolas,97
Dupont,2
Sainte,1
Blaise,4
Blasius,1
Agathe,19
Versalia,1
Jacob,2
Lord,1
Vergennes,1
Bariatinsky,1
Arcadi,1
Catherine,34
Benjamin,51
John,5
Comte,4
Roi,29
Lacorne,1
Robert,44
Theodore,2
Roosevelt,1
William,2
Franklin,1
Eisenhower,1
Stephen,35
Philip,1
Sidney,1
Garry,1
Graham,1
Alexander,5
Richard,36
Nelson,1
Aaron,2
More,2
Helder,4
Bonhomme,1
Joinville,1
Elli,1
Marchenay,1
Howard,1
Fenaille,1
Toutankhamon,1
Grimaud,1
Drioton,1
Vandier,1
Luccioni,1
Platon,2
Guillaume,22
Goy,1
Lehtonen,1
Chateaubriand,2
Pilou,1
Maupassant,7
Leimgruber,1
Brocard,1
Miossec,1
Salvat,1
Jean-Luc,246
Blanchard,1
Delage,1
Godard,2
Mourgues,1
Toinet,1
Sphinx,1
Amathonte,1
Agnieszka,1
Anna,11
Roberte,1
Henri,4
Annuaires,1
Edmond,1
Lucien,2
Petit,2
Roger,57
Daudet,1
Alphonse,3
Mann,1
Jaquet,1
George,7
Bush,1
Christophe,38
Bell,1
Cochez,1
Dwight,1
Newt,1
Pete,3
Oliver,1
Bill,3
Professeur,1
Marie-Aude,19
Ponge,5
Michel,92
Georges,65
Mozart,6
Terminaison,7
Antonyme,1
Lequel,3
Verbe,21
Livre,4
Trouver,2
Masculin,2
Noms,5
Alexandre,68
Alfred,2
Anouilh,1
Stendhal,1
Dagobert,1
Cyrano,29
Emile,168
Gaston,1
Guy,5
Hyperbole,2
Jacques,156
Jules,86
Fanny,15
Orson,1
Kader,2
Suter,2
Ramuz,1
Sabot,1
Sherlock,4
Tahar,1
Saint-Exupéry,3
Ulysse,1
Conditionnel,7
Phrase,12
Bonne,49
Juan,2
Triplet,1
Larousse,1
Bob-argot,1
Gigi,1
Desclouzeaux,1
Manger,1
Gronder,1
Synon,1
Bibi,1
Cathy,1
Andersen,2
Laurette,2
Loup,1
Marie-Rose,1
Moura,1
Anny,1
Recette,3
Avait,1
Adj,1
Famille,1
Pronoms,8
Florian,7
Sabine,11
Interjection,2
Justin,6
Bleddy,1
Deviner,1
Conjuguer,3
Manuel,3
Linkedin,5
Instagram,8
Exprimer,8
Lucian,1
Copyright,2
Baudelaire,1
Verlaine,1
Francisco,1
Vian,1
Desnos,1
Joachim,1
Maurice,37
Marc-Antoine,3
Francis,37
Tourte,1
Maximes,1
Page,1
Mises,1
Grammaire,2
Petite,1
Demonstrative,1
Fatiguant,1
Futur,5
-Rab,4
Oir,1
Oreille,1
Pronominaux,1
Subjonctif,3
Suffixes,4
Voire,5
Maladies,1
Synonyme,2
Audrey,49
Style,1
Recommander,2
Corrigez,1
Cosette,1
Abandon,2
Maure,1
Ses,1
Homonymes,2
Jack,8
Mes,1
Peux,1
Rets,1
Sent,1
Mercirwell,2
Sacha,1
Nerval,1
Faire,2
Imparfait,2
Mucky,2
Vivre,2
Adverbe,2
Phrases,1
Terminaisons,1
Antigone,1
Edith,1
-Marcel,1
Martine,45
Milly,1
Allaiter,1
Asticots,1
Sterne,1
Mortel,1
Carole,4
Julien,63
Trouve,1
Papillon,1
Abraham,3
Tosca,1
Rosemonde,1
Louisa,1
Merci,2
Sirdata,1
Remplacer,1
Rester,1
Attacher,1
Attributs,1
Delphine,11
Accepter,1
Mira,1
Reine,1
Tarder,1
Hector,1
Mac,1
Sadi,1
Raymond,29
Albert,4
Sally,3
Ahahaha,3
Joggle,2
Vin,1
Millionnaire,1
Mastermots,1
Alex,49
Alexis,35
Fethiye,42
Marguerite,44
Hubert,93
Bonjour,89
Seriez,42
Bravo,84
Odile,43
Cdt,42
Landry,1
Goscinny,2
Knock,1
Prosper,1
Anatole,1
Sully,1
Jean-Louis,2
Giovanna,1
Benji,1
Orthographier,3
Prenons,1
Aline,5
Sauveur,3
Chevelus,1
Karl,15
Drais,2
Erich,2
Renaud,5
Gutenberg,2
Nathalie,40
Additionner,2
Babette,2
Notre,2
Pluton,1
Monika,1
Annise,1
Snorri,1
Einar,1
Architecte,1
Mathurin,1
Pierrette,1
Joseph,3
Proust,9
Tauveron,9
Consulterle,162
Donald,313
Renaissance,187
Bocuse,161
Boulanger,33
Mathieu,57
Eric,46
Kenwood,2
Kitchenaid,2
Smeg,2
Teflon,2
Socrate,33
Descartes,33
Maria,41
Jean-Noël,3
Hamid,2
Frantz,3
Rafik,2
Laurence,42
Boualem,10
Kamel,7
Hocine,4
Julia,14
Ivanne,2
Doualemn,1
Hassan,2
Marine,38
Florence,13
Mustapha,5
Zineb,8
Sarah,8
Mohamed,4
Karim,39
Noureddine,1
Nedjib,1
Ali,4
Bouc,1
Yacine,2
Mayra,2
Walid,2
Fabien,23
Braun,6
Bosch,6
Bamix,10
Marie-Laure,5
Roland,42
Longhi,18
Satisfyer,2
Dyson,22
Hoover,13
Alexandra,16
Benoit,5
Lagrange,2
Vornado,4
Stefania,12
Jean-François,11
Clarisse,24
Murielle,13
Babyliss,4
Tecnoware,2
Wirecutter,36
Speck,3
Mackie,3
Brent,4
Eero,2
Joel,4
Rose,3
Gillette,2
Schick,2
Sabrina,7
Loxjie,2
Douk,2
Tim,2
Simone,3
Picasso,5
Jean-Baptiste,33
Thierry,60
Patrick,24
Mourad,2
Nespresso,1
Blanche,3
Louise,26
Kamala,4
Dea,4
Boris,5
Kristian,3
Anne,75
Coulin,3
Corine,20
Vincent,22
Bob,6
Samuel,30
Babygirl,4
Halina,5
Conclave,1
Coralie,2
Nicole,15
Maroussia,5
Dewaere,2
Miou-Miou,2
Muriel,3
Dominique,14
Emmanuelle,27
Aureliano,1
Magali,7
Edward,2
Sorj,1
Manal,1
Walter,5
Rubens,1
Adam,3
Harris,1
Vijay,2
Emeline,8
Vanessa,2
Fabrice,39
Dutroux,3
Blanche-Neige,4
Annick,4
Roger-Pol,4
Aristote,1
Tiphaine,12
Suzanne,1
Perec,1
Denis,61
Vera,6
Lanwenn,5
Gladys,4
Elena,4
Xavier,9
Monique,4
Nils,5
Hypnotisant,1
Mathias,1
Sebastian,1
Liana,3
Mandeville,3
Seth,3
Brice,20
Tal,7
Alison,1
Anouk,1
Recluse,1
Florent,7
Veil,9
Laurie,1
Virginie,9
Philippe-Jean,4
Bernard,50
Dior,10
Haibatullah,1
Abdullah,1
Bachar,26
Assad,4
Fnuod,1
Israel,1
Yechiel,1
Nekfeu,6
Ahmed,5
Olaf,4
Antonio,4
Benyamin,5
Trump,34
Najib,1
Farhad,1
Filippo,1
Dorothy,1
Dani,1
Itzik,1
Mencer,1
Jean-Philippe,16
Dorian,6
Romain,17
Abdulmonam,2
Paul-Antoine,2
Elvire,41
Mauro,3
Erwan,3
Saint-Ouen,2
Zazie,2
Filipe,2
Elisa,44
Bettina,1
Anne-Françoise,9
Laure,24
Bertrand,58
Freddy,1
Antonin,2
Eunji,2
Castelnau,1
Pannier,1
Henriot,1
Sylvain,12
Delaney,1
Maxime,20
Olga,5
Sasha,5
Susana,2
Ile-de-France,1
Guillemette,7
Clothilde,3
Delbar,1
Maryline,7
Ivanka,1
Jared,1
Felipe,1
Leonor,1
Arnault,2
Colleen,2
Bernardo,1
Nayla,1
Giorgia,3
Manon,13
Eliott,14
Yassin,3
Katharina,3
Valentine,10
Sylvie,100
Kylian,1
Sophia,1
Gwenola,1
Chantal,3
Jane,17
Clara,24
Meloni,1
Allan,11
Micheline,1
Charlotte,6
Helena,1
Sami,1
Christine,1
Brigitte,2
Bonoron,1
Basile,2
France,2
Apolline,2
Gabriel,15
Rachel,9
Mahdi,1
Ibrahim,3
Megarama,1
Aziz,1
Cousin,2
Mohammed,8
Hicham,2
Savoye,1
Laureline,14
Macron,4
Roxana,20
Leclerc,1
Ubaldi,1
Appareils,1
Tommy,15
Matthieu,20
Mariama,10
Elias,3
Barnier,13
Bayrou,12
Solenn,10
Valls,1
Matignon,2
Mattea,10
Joe,13
Allary,1
Hannah,6
Marie-Hélène,4
Marie-George,3
Ludovic,3
Tamara,6
Aude,10
Jean-Emmanuel,12
Marjane,4
Rebecca,4
Sylvaine,4
Guntram,8
Cecilia,7
Andres,6
Clare,3
Biden,3
Elie,9
Barry,4
Blandine,4
Johanna,3
Filip,4
Kryvy,2
Oksana,2
Rustem,2
Faustine,4
Elise,3
Friedrich,1
Elsa,13
Volodymyr,3
Kim,2
Marie-Pauline,1
Vladimir,11
Orechnik,1
Jordan,5
Ilham,6
Viktor,2
Jakub,1
Minh,1
Caroline,13
Paulette,3
Auschwitz-Birkenau,2
Isabel,6
Jean-Marie,46
Jeff,7
Mathys,2
Stormy,1
Syrielle,2
Brieuc,14
Marceau,28
Zoe,3
Yoon,6
Annette,8
Laetitia,16
Asia,14
Madi,2
Eowyn,6
Ivo,2
Domenico,3
Parigi,1
Yves,34
Kristell,1
Yannick,4
Fatoumata,2
Anne-Claire,2
Elon,24
Jean-Michel,25
Covid-19,1
Schiaparelli,5
Chanel,13
Maud,46
Kenzo,3
Willy,4
Anne-Lise,9
Dries,2
Litza,10
Margaux,20
Prada,3
Corneliani,2
Brioni,2
Mordecai,2
Pradel,1
Lacrima,3
Valentin,49
Ramdane,2
Choderlos,2
Leonora,2
Oscar,7
Mocha,2
Washington,6
Harold,12
Bart,4
Damien,17
Hunter,1
Piotr,12
Ugo,1
Darcos,1
Bassirou,9
Sonko,2
Coumba,10
Flora,2
Corentin,3
Mario,3
Abdelmadjid,1
Edmundo,1
Angeline,1
Serge,107
Darius,1
Rodolphe,7
Bastien,3
Adel,4
Abel,32
Beatrice,2
Savary,1
Marc-Olivier,9
Osama,2
Matteo,1
Carlo,1
Alfredo,1
Hermann,29
Randy,1
Etienne,3
Slim,3
Jagmeet,1
Anne-Laure,2
Hardeep,1
Marcedes,1
Gipa,2
Lewy,3
Lilian,2
Ponchaud,1
Pol,1
Edouard,2
Costas,1
Marina,2
Anne-Marie,1
Alzheimer,1
Elisabeth,32
Tomiko,1
Ashiya,1
Rosita,24
Leonide,1
Ronald,1
Lucie,6
Angelo,1
Hofmann,1
Foncez,1
Livraison,6
Luka,3
Frank-Walter,2
Sandra,3
Patricia,10
Deliveroo,2
Uber,3
Samia,1
Nathaniel,10
Pascale,16
Margherita,7
Sylvestre,5
Nobel,1
Marjorie,9
Diane,6
Natacha,2
Emma,35
Parcoursup,4
Dounia,3
Ilea,1
Gary,9
Retailleau,2
Helene,2
Milton,5
Kirk,1
Leslie,1
Nabil,10
Beryl,1
Enedis,1
Poline,7
Liselotte,10
Pierre-Edouard,1
Morgane,1
Charles-Henry,8
Kirill,1
Evgueni,2
Mehmet,1
Tomas,1
Gaspar,1
Szabolcs,1
Spiegel,2
Lise,2
Marco,7
Biya,1
Charli,4
Billie,4
Lady,4
Taylor,4
Zaho,4
Abdelhak,3
Mette,3
Hiplock,1
Auvray,1
Krytonite,3
Qloc,1
Trelock,2
Leroy,1
Auvray-Security,2
Ferosafe,1
Hiplok,2
Litelok,1
Granit,1
Trelok,1
Marquis,1
Burberry,1
Millie,1
Chuck,7
Converse,2
Iris,3
Assma,3
Mouammar,8
Geoffroy,7
Borne,1
Fadi,2
Riad,1
Manu,1
Keigo,1
Kendrick,2
Jacaranda,1
Madelaine,1
Anne-Aël,2
Johannes,5
Jonathan,2
Syrine,1
Guilhem,1
Courez,1
Nabilla,1
Zoelamodeuse,1
Narendra,1
Inoreader,1
Baba,3
Joshua,3
Stephan,2
Arundhati,3
Sofiane,1
Alino,1
Dialla,7
Gbich,2
Barbra,1
Emerse,1
Blanc,2
Sifca,1
Cyril,5
Editorialiste,1
Sam,1
Satyajit,5
Naoko,2
Dan,3
Edgar,34
Zanzim,3
Cristina,12
Harry,10
Hakim,2
Liz,3
Nick,4
Tanguy,2
Kompromat,3
Vitalic,3
Adolf,1
Stan,5
Chaussures,1
Velosamba,1
Marcon,1
Davy,1
Romuald,1
Falic,2
Moji,1
Cardigan,1
Hemricourt,1
Lesage,2
Mark,11
Ecoalf,1
Picard,2
Annexe,2
Thylan,1
Yoanna,3
Chevallereau,1
Ken,2
Hirokazu,1
Ben,3
Bidegain,1
Kerviel,1
Elizabeth,1
Noah,1
Imparfaite,1
Suranne,1
Jamal,1
Riss,4
Boohoo,1
Boohooman,9
Premier,3
Calzedonia,3
Voltaire,32
Lacoste,2
Tom,1
Bernadette,6
Aurore,2
Guido,4
Marie-Cécile,4
Yanis,2
Qian,2
Kenneth,2
Hippolyte,2
Cori,4
Pierre-Cyrille,4
Arancha,4
Thibaut,3
Uri,1
Ruben,2
Félix-Roland,2
Carlos,1
Jean-Dominique,3
Abdallah,4
Maha,1
Barack,1
Arnold,1
Ntamack,1
Jegou,1
Damian,1
Palois,1
Peato,1
Gregory,1
Yoram,1
Pierre-Louis,1
Georges-Henri,1
Nolann,1
Emilien,1
José-Alain,2
Sven,1
Morgan,1
Romelu,1
Herman,1
Garance,7
Claudia,4
Gustavo,1
Mike,1
Larry,2
Cyrielle,4
Offrez,1
Kai,1
Jay,1
Lloyd,1
Izzie,1
Dina,3
Idem,1
Tuya,1
Marie-Pier,1
Bpifrance,2
Directeur,1
Ralph,1
White,1
Cabas,1
Huguette,1
Despite,1
Emilia,4
King,2
Laylow,1
Godefroy,1
Korakot,1
Grognard,1
Campana,1
Ron,1
Isokon,1
Henry,1
Hyacinthe,1
Gae,1
Culbuto,1
Nacho,1
Omar,1
Gianluca,3
Getty,1
Lasjaunias,1
Bimensuelle,1
Wagner,3
Achille,1
Issa,3
Djim,3
Soundiata,2
Kukii,1
Ahmad,1
Amadou,3
Sud-Africain,1
Assimi,1
Abdoulaye,2
Choguel,2
Abdoul,2
Almon,1
Nahawa,1
Djely,1
Enzo,2
Splann,1
Nina,4
Myriam,4
Claude-Eric,1
Jules-César,1
Gauthier,1
Matali,1
Baltard,1
Hadj,3
Ariana,1
Booba,2
Mappemonde,3
Margaret,1
Henrietta,1
Lazzaro,1
Mads,1
Javier,2
Klarna,2
Jeans,1
Heron,1
Judith,2
Layyons,1
Ousman,1
Yahya,1
Margret,1
Madjid,3
Marietje,1
Jensen,1
Sophy,3
Daron,1
Tesla,1
Thibault,2
Justine,1
Artus,2
Jean-Pascal,1
Costa-Gavras,1
Lova,2
Titi,2
Christoph,1
Mobutu,1
Kelly,1
Robertet,1
Palatine,1
Elisabeth-Charlotte,1
Victorien,1
Violet,1
Peres,1
Anissa,1
Guerlain,1
Elvis,1
Fendi,1
Pardi,1
Suzy,1
Jonny,1
Nadine,3
Narcisse,1
Alessandro,4
Augustin,1
Rolex,17
Bio-acousticien,1
Ghislain,2
Titouan,2
Denica,1
Sukkha,1
Inza,1
Beth,1
Majik,1
Cyprien,3
Lynn,1
Natan,1
Amir,1
Gougeon,2
Amputer,1
Allain,1
Marylise,2
Armand,8
Valentino,1
Maison,1
Gaultier,1
Rolf,3
Azzedine,1
Claudine,1
Gabrielle,1
Lina,1
Abbas,3
Echouer,1
Coline,1
Vencorex,1
Frichti,1
Quentin,2
Louis-Pierre,1
Pierre-Yves,2
Matthew,1
Combani,1
Miori,1
Thomann,2
Clavinova,1
Son,1
Sustain,1
Pedro,2
Eastman,1
Nissim,4
Rosa,2
Carnegie,1
Socup,1
Quiksilver,1
Kiko,1
Graco,1
Sofia,2
Lopez,1
Yamina,1
Marjolaine,2
Metoo,1
Feyenoord,1
Luis,1
Ousmane,3
Ziad,5
Bismuth,2
Sarkozy,1
Mimi,3
Gilbert,6
Soren,3
Aurel,1
Coco,1
Lisa,1
Plantu,1
Dassonville,2
Matthias,1
Roch-Olivier,1
Eve,1
Zaheer,1
Mahomet,1
Kennedy,1
Didi,2
Zeliha,2
Alioune,2
Amrit,2
Oumar,1
Cheikh,3
Aliou,1
Takku,1
Barbara,1
Flavie,1
Xemartin,1
Mangane,1
Kyle,1
Macky,1
Gnonnas,3
Cheb,3
Balai,1
Al-Assad,4
Draghi,1
Syrien,1
Hayat,2
Yoav,1
Lula,1
Unitree,1
Promesse,1
Joana,2
Disney,2
Baby,3
Ansel,2
Ryan,1
Jon,2
Jamie,2
Eiza,1
Lily,1
Fatma,1
Christelle,1
Saba,1
Priscilla,1
Jean-Claude,85
Jean-Gabriel,1
Jean-Marc,59
Bruna,3
Arturo,1
Luca,1
Burger,2
Parrainez,2
Ubereats,1
Ubereat,1
Napoli,1
Jeremstar,1
Lawson,1
Flunch,1
Pepe,1
Rabindranath,1
Ray,29
Indira,1
Cynthia,1
Al-Hilal,2
Aleksandar,1
Seb,1
Max,3
Rachida,2
André-Malraux,1
Senn,1
Eiichi,1
Perrotin,1
Fabienne,14
Jeanne-Claude,1
Figo,1
Timss,1
Violaine,1
Prune,1
Perrault,1
Hatem,1
Monia,13
Emily,2
Ayachi,6
Tenaglia,1
Zouhaier,4
Azimoun,2
Josep,1
Haythem,2
Abdellatif,1
Sihem,1
Alaa,1
Netzarim,1
Abdul,1
Herzi,1
Bezalel,1
Doron,1
Romi,1
Saydnaya,2
Constance,2
Calin,1
Ibn,1
Haendel,1
Pafinitour,1
Arat,1
Debussy,1
Cavalli,1
Bach,2
Silbermann,1
Axelle,1
Luan,1
Boulez,1
Koba,1
Zola,1
Ninho,1
Ivan,1
Jubelly,1
Pierre-Marie,1
Cory,1
Daniela,1
Janvier,1
Phil,1
Marilou,1
Dian,1
Sigourney,1
Pompidou,1
Reda,1
Ladislas,1
Amandine,1
Chenu,1
Alyson,1
Hippocrate,1
Noa,1
Sidonie,1
Aligneurs,1
Dreame,15
Rowenta,1
Digital,1
Leds,1
Jet,1
Triflex,1
Ledger,1
Carla,2
Squeezie,1
Samirdc,1
Monusco,1
Roborock,2
Bissell,1
Thomson,1
Miele,1
Jaeger,1
Piaget,2
Blancpain,1
Copin,1
Cartier,9
Rouvenat,1
Breitling,1
Audemars,2
Hedi,1
Mikimoto,1
Marie-Salomé,1
Vacheron,1
Patek,1
Tudor,1
Cary,1
Stevie,1
Amel,1
Jorge,1
Dika,1
Franziska,2
Selina,2
Novak,1
Paula,1
Madison,2
Aryna,1
Pep,1
Sylvia,1
Lorenzo,1
Iga,1
Lawrence,1
Todd,1
Laird,1
Vashi,1
Missak,1
Andrius,1
Que,1
Songe,28
Louis-Sébastien,28
Ayerdhal,28
Auguste,28
Automate,28
Chris,28
Terry,28
Barbarella,28
Pierre-William,28
Caro,28
Jeunet,28
Dante,28
Stefan,28
Caza,56
Pluk,28
Oiseau,28
Brick,28
Martial,28
Marijac,28
Jacobs,28
Lone,28
Arno,28
Jodorowsky,28
Jean-David,28
Cryozone,28
Frederik,28
Koma,28
Gess,28
Mila,5
Mia,5
Victoria,5
Jade,5
Raphael,5
Cyrius,5
Bosco,5
Covid,5
Jacqueline,6
