url,already_scanned
https://www.worldhistory.org/trans/fr/?utm_source=whe&utm_medium=lang_popup&utm_campaign=browser_lang_forward,true
https://www.vracotaf.fr/produits/de-la-bouche-aux-oreilles/hexamondes-une-histoire-de-la-science-fiction-francaise,true
https://www.tiktok.com/discover/texte-fran%C3%A7ais-difficile-%C3%A0-lire,true
https://www.storyplayr.com/bibliotheque,true
https://www.storyplayr.com/,true
https://www.podcastfrancaisfacile.com/textes,true
https://www.podcastfrancaisfacile.com/apprendre-le-francais/liste-des-textes-fle,true
https://www.persee.fr/,true
https://www.parents.fr/actualites/bebe/les-50-prenoms-les-plus-portes-en-france-ce-ne-sont-pas-ceux-que-lon-croit-937485,true
https://www.meshistoiresdusoir.fr/,true
https://www.lepointdufle.net/p/comprehension-ecrite.htm,true
https://www.lemonde.fr/,true
https://www.iletaitunehistoire.com/,true
https://www.francaisfacile.com/,true
https://www.film-documentaire.fr/,true
https://www.europe1.fr/societe/et-les-prenoms-les-plus-donnes-et-les-plus-portes-en-france-sont-3989085,true
https://www.espace-orthophonie.fr/langage-oral/3415-histoires-a-lire-et-a-raconter-830096004541.html,true
https://www.enfant.com/votre-enfant-3-11/activites-loisirs-jeux/5-histoires-avant-dormir-3414,true
https://www.ebookids.com/themes/histoire,true
https://www.bibliosansfrontieres.org/bonjour-app/,true
https://www.alloprof.qc.ca/fr/eleves/bv/francais/les-textes-litteraires-f1048,true
https://une-histoire-chaque-jour.com/2018/histoires-pour-tous/histoire-en-francais/des-histoires-en-francais/,true
https://une-histoire-chaque-jour.com/,true
https://parlez-vous-french.com/,true
https://lingua.com/fr/francais/lecture/,true
https://lettres.ac-versailles.fr/spip.php?article1946,true
https://lettres-lca.enseigne.ac-lyon.fr/spip/,true
https://laptiteecoledufle.com/lire-une-histoire-tout-seul,true
https://ideetexte.ouest-france.fr/,true
https://histoiresdouces.fr/,true
https://histfict.fr/,true
https://fr.wikipedia.org/wiki/Wikip%C3%A9dia:Accueil_principal,true
https://fr.wikipedia.org/wiki/Science-fiction_fran%C3%A7aise,true
https://fr.wikipedia.org/wiki/Liste_des_pr%C3%A9noms_les_plus_donn%C3%A9s_en_France,true
https://fr.wikipedia.org/w/index.php?search=nom+propre&title=Sp%C3%A9cial:Recherche&profile=advanced&fulltext=1&ns0=1,true
https://fr.kidmoocs.com/textes-courts-francais-a1/,true
https://fr.kidmoocs.com/textes-courts-francais-a1/,true
https://dictionnaire.lerobert.com/guide/noms-propres,true
https://contesdefees.com/,true
https://contesdefees.com/,true
https://cheminsfaisant.fr/,true
https://anyfrench.com/lecture/la-lecture-rapide/,true
https://www.monbestseller.com/collection/histoire-courtes,true
https://www.babelio.com/livres-/histoire-du-francais/25798,true
https://www.deboecksuperieur.com/ouvrage/9782807351134-49-petites-histoires-dans-l-histoire-de-france,true
https://www.avh.asso.fr/nos-solutions/lire-des-livres-audio-ou-des-livres-en-braille/la-mediatheque?gad_source=1&gclid=EAIaIQobChMIqsaSp6GbiwMV7ZpoCR102SqHEAAYASAAEgIsbPD_BwE,true
https://www.meshistoiresdusoir.fr/a/5-6ans/,true
https://www.histoirepourdormir.fr/6-ans,true
https://www.titanimals.fr/,true
https://www.meshistoiresdusoir.fr/a/,true
https://www.ebookids.com/,true
https://www.goupili.fr/histoires-pour-les-enfants/le-petit-chat-noir,true
https://www.goupili.fr,true
